{
    "packages": [
        {
            "name": "composer/semver",
            "version": "3.4.0",
            "version_normalized": "3.4.0.0",
            "source": {
                "type": "git",
                "url": "https://github.com/composer/semver.git",
                "reference": "35e8d0af4486141bc745f23a29cc2091eb624a32"
            },
            "dist": {
                "type": "zip",
                "url": "https://api.github.com/repos/composer/semver/zipball/35e8d0af4486141bc745f23a29cc2091eb624a32",
                "reference": "35e8d0af4486141bc745f23a29cc2091eb624a32",
                "shasum": ""
            },
            "require": {
                "php": "^5.3.2 || ^7.0 || ^8.0"
            },
            "require-dev": {
                "phpstan/phpstan": "^1.4",
                "symfony/phpunit-bridge": "^4.2 || ^5"
            },
            "time": "2023-08-31T09:50:34+00:00",
            "type": "library",
            "extra": {
                "branch-alias": {
                    "dev-main": "3.x-dev"
                }
            },
            "installation-source": "dist",
            "autoload": {
                "psr-4": {
                    "Composer\\Semver\\": "src"
                }
            },
            "notification-url": "https://packagist.org/downloads/",
            "license": [
                "MIT"
            ],
            "authors": [
                {
                    "name": "Nils Adermann",
                    "email": "naderman@naderman.de",
                    "homepage": "http://www.naderman.de"
                },
                {
                    "name": "Jordi Boggiano",
                    "email": "j.boggiano@seld.be",
                    "homepage": "http://seld.be"
                },
                {
                    "name": "Rob Bast",
                    "email": "rob.bast@gmail.com",
                    "homepage": "http://robbast.nl"
                }
            ],
            "description": "Semver library that offers utilities, version constraint parsing and validation.",
            "keywords": [
                "semantic",
                "semver",
                "validation",
                "versioning"
            ],
            "support": {
                "irc": "ircs://irc.libera.chat:6697/composer",
                "issues": "https://github.com/composer/semver/issues",
                "source": "https://github.com/composer/semver/tree/3.4.0"
            },
            "funding": [
                {
                    "url": "https://packagist.com",
                    "type": "custom"
                },
                {
                    "url": "https://github.com/composer",
                    "type": "github"
                },
                {
                    "url": "https://tidelift.com/funding/github/packagist/composer/composer",
                    "type": "tidelift"
                }
            ],
            "install-path": "./semver"
        },
        {
            "name": "desarrolla2/cache",
            "version": "v3.0.2",
            "version_normalized": "3.0.2.0",
            "source": {
                "type": "git",
                "url": "https://github.com/desarrolla2/Cache.git",
                "reference": "0b8f985d09abfc04a2c1535943f6f07b7206161a"
            },
            "dist": {
                "type": "zip",
                "url": "https://api.github.com/repos/desarrolla2/Cache/zipball/0b8f985d09abfc04a2c1535943f6f07b7206161a",
                "reference": "0b8f985d09abfc04a2c1535943f6f07b7206161a",
                "shasum": ""
            },
            "require": {
                "php": ">=7.2.0",
                "psr/simple-cache": "^1.0"
            },
            "provide": {
                "psr/simple-cache-implementation": "1.0"
            },
            "require-dev": {
                "cache/integration-tests": "dev-master",
                "ext-apcu": "*",
                "ext-json": "*",
                "ext-memcached": "*",
                "ext-mysqli": "*",
                "mikey179/vfsstream": "v1.6.8",
                "mongodb/mongodb": "^1.3",
                "phpstan/phpstan": "^0.12.29",
                "phpunit/phpunit": "^8.3 || ^9.0",
                "predis/predis": "~1.0.0",
                "symfony/phpunit-bridge": "^5.2"
            },
            "time": "2022-03-27T23:04:06+00:00",
            "type": "library",
            "installation-source": "dist",
            "autoload": {
                "psr-4": {
                    "Desarrolla2\\Cache\\": "src/"
                }
            },
            "notification-url": "https://packagist.org/downloads/",
            "license": [
                "MIT"
            ],
            "authors": [
                {
                    "name": "Daniel González",
                    "homepage": "http://desarrolla2.com/"
                },
                {
                    "name": "Arnold Daniels",
                    "homepage": "https://jasny.net/"
                }
            ],
            "description": "Provides an cache interface for several adapters Apc, Apcu, File, Mongo, Memcache, Memcached, Mysql, Mongo, Redis is supported.",
            "homepage": "https://github.com/desarrolla2/Cache/",
            "keywords": [
                "apc",
                "apcu",
                "cache",
                "file",
                "memcache",
                "memcached",
                "mongo",
                "mysql",
                "psr-16",
                "redis",
                "simple-cache"
            ],
            "support": {
                "issues": "https://github.com/desarrolla2/Cache/issues",
                "source": "https://github.com/desarrolla2/Cache/tree/v3.0.2"
            },
            "install-path": "../desarrolla2/cache"
        },
        {
            "name": "monolog/monolog",
            "version": "2.9.2",
            "version_normalized": "2.9.2.0",
            "source": {
                "type": "git",
                "url": "https://github.com/Seldaek/monolog.git",
                "reference": "437cb3628f4cf6042cc10ae97fc2b8472e48ca1f"
            },
            "dist": {
                "type": "zip",
                "url": "https://api.github.com/repos/Seldaek/monolog/zipball/437cb3628f4cf6042cc10ae97fc2b8472e48ca1f",
                "reference": "437cb3628f4cf6042cc10ae97fc2b8472e48ca1f",
                "shasum": ""
            },
            "require": {
                "php": ">=7.2",
                "psr/log": "^1.0.1 || ^2.0 || ^3.0"
            },
            "provide": {
                "psr/log-implementation": "1.0.0 || 2.0.0 || 3.0.0"
            },
            "require-dev": {
                "aws/aws-sdk-php": "^2.4.9 || ^3.0",
                "doctrine/couchdb": "~1.0@dev",
                "elasticsearch/elasticsearch": "^7 || ^8",
                "ext-json": "*",
                "graylog2/gelf-php": "^1.4.2 || ^2@dev",
                "guzzlehttp/guzzle": "^7.4",
                "guzzlehttp/psr7": "^2.2",
                "mongodb/mongodb": "^1.8",
                "php-amqplib/php-amqplib": "~2.4 || ^3",
                "phpspec/prophecy": "^1.15",
                "phpstan/phpstan": "^0.12.91",
                "phpunit/phpunit": "^8.5.14",
                "predis/predis": "^1.1 || ^2.0",
                "rollbar/rollbar": "^1.3 || ^2 || ^3",
                "ruflin/elastica": "^7",
                "swiftmailer/swiftmailer": "^5.3|^6.0",
                "symfony/mailer": "^5.4 || ^6",
                "symfony/mime": "^5.4 || ^6"
            },
            "suggest": {
                "aws/aws-sdk-php": "Allow sending log messages to AWS services like DynamoDB",
                "doctrine/couchdb": "Allow sending log messages to a CouchDB server",
                "elasticsearch/elasticsearch": "Allow sending log messages to an Elasticsearch server via official client",
                "ext-amqp": "Allow sending log messages to an AMQP server (1.0+ required)",
                "ext-curl": "Required to send log messages using the IFTTTHandler, the LogglyHandler, the SendGridHandler, the SlackWebhookHandler or the TelegramBotHandler",
                "ext-mbstring": "Allow to work properly with unicode symbols",
                "ext-mongodb": "Allow sending log messages to a MongoDB server (via driver)",
                "ext-openssl": "Required to send log messages using SSL",
                "ext-sockets": "Allow sending log messages to a Syslog server (via UDP driver)",
                "graylog2/gelf-php": "Allow sending log messages to a GrayLog2 server",
                "mongodb/mongodb": "Allow sending log messages to a MongoDB server (via library)",
                "php-amqplib/php-amqplib": "Allow sending log messages to an AMQP server using php-amqplib",
                "rollbar/rollbar": "Allow sending log messages to Rollbar",
                "ruflin/elastica": "Allow sending log messages to an Elastic Search server"
            },
            "time": "2023-10-27T15:25:26+00:00",
            "type": "library",
            "extra": {
                "branch-alias": {
                    "dev-main": "2.x-dev"
                }
            },
            "installation-source": "dist",
            "autoload": {
                "psr-4": {
                    "Monolog\\": "src/Monolog"
                }
            },
            "notification-url": "https://packagist.org/downloads/",
            "license": [
                "MIT"
            ],
            "authors": [
                {
                    "name": "Jordi Boggiano",
                    "email": "j.boggiano@seld.be",
                    "homepage": "https://seld.be"
                }
            ],
            "description": "Sends your logs to files, sockets, inboxes, databases and various web services",
            "homepage": "https://github.com/Seldaek/monolog",
            "keywords": [
                "log",
                "logging",
                "psr-3"
            ],
            "support": {
                "issues": "https://github.com/Seldaek/monolog/issues",
                "source": "https://github.com/Seldaek/monolog/tree/2.9.2"
            },
            "funding": [
                {
                    "url": "https://github.com/Seldaek",
                    "type": "github"
                },
                {
                    "url": "https://tidelift.com/funding/github/packagist/monolog/monolog",
                    "type": "tidelift"
                }
            ],
            "install-path": "../monolog/monolog"
        },
        {
            "name": "psr/log",
            "version": "1.1.4",
            "version_normalized": "1.1.4.0",
            "source": {
                "type": "git",
                "url": "https://github.com/php-fig/log.git",
                "reference": "d49695b909c3b7628b6289db5479a1c204601f11"
            },
            "dist": {
                "type": "zip",
                "url": "https://api.github.com/repos/php-fig/log/zipball/d49695b909c3b7628b6289db5479a1c204601f11",
                "reference": "d49695b909c3b7628b6289db5479a1c204601f11",
                "shasum": ""
            },
            "require": {
                "php": ">=5.3.0"
            },
            "time": "2021-05-03T11:20:27+00:00",
            "type": "library",
            "extra": {
                "branch-alias": {
                    "dev-master": "1.1.x-dev"
                }
            },
            "installation-source": "dist",
            "autoload": {
                "psr-4": {
                    "Psr\\Log\\": "Psr/Log/"
                }
            },
            "notification-url": "https://packagist.org/downloads/",
            "license": [
                "MIT"
            ],
            "authors": [
                {
                    "name": "PHP-FIG",
                    "homepage": "https://www.php-fig.org/"
                }
            ],
            "description": "Common interface for logging libraries",
            "homepage": "https://github.com/php-fig/log",
            "keywords": [
                "log",
                "psr",
                "psr-3"
            ],
            "support": {
                "source": "https://github.com/php-fig/log/tree/1.1.4"
            },
            "install-path": "../psr/log"
        },
        {
            "name": "psr/simple-cache",
            "version": "1.0.1",
            "version_normalized": "1.0.1.0",
            "source": {
                "type": "git",
                "url": "https://github.com/php-fig/simple-cache.git",
                "reference": "408d5eafb83c57f6365a3ca330ff23aa4a5fa39b"
            },
            "dist": {
                "type": "zip",
                "url": "https://api.github.com/repos/php-fig/simple-cache/zipball/408d5eafb83c57f6365a3ca330ff23aa4a5fa39b",
                "reference": "408d5eafb83c57f6365a3ca330ff23aa4a5fa39b",
                "shasum": ""
            },
            "require": {
                "php": ">=5.3.0"
            },
            "time": "2017-10-23T01:57:42+00:00",
            "type": "library",
            "extra": {
                "branch-alias": {
                    "dev-master": "1.0.x-dev"
                }
            },
            "installation-source": "dist",
            "autoload": {
                "psr-4": {
                    "Psr\\SimpleCache\\": "src/"
                }
            },
            "notification-url": "https://packagist.org/downloads/",
            "license": [
                "MIT"
            ],
            "authors": [
                {
                    "name": "PHP-FIG",
                    "homepage": "http://www.php-fig.org/"
                }
            ],
            "description": "Common interfaces for simple caching",
            "keywords": [
                "cache",
                "caching",
                "psr",
                "psr-16",
                "simple-cache"
            ],
            "support": {
                "source": "https://github.com/php-fig/simple-cache/tree/master"
            },
            "install-path": "../psr/simple-cache"
        },
        {
            "name": "visualappeal/php-auto-update",
            "version": "1.0.2",
            "version_normalized": "1.0.2.0",
            "source": {
                "type": "git",
                "url": "https://github.com/VisualAppeal/PHP-Auto-Update.git",
                "reference": "4454361a0fa346c7fb179deef11585c79715b645"
            },
            "dist": {
                "type": "zip",
                "url": "https://api.github.com/repos/VisualAppeal/PHP-Auto-Update/zipball/4454361a0fa346c7fb179deef11585c79715b645",
                "reference": "4454361a0fa346c7fb179deef11585c79715b645",
                "shasum": ""
            },
            "require": {
                "composer/semver": "^3.0",
                "desarrolla2/cache": "^3.0",
                "ext-curl": "*",
                "ext-json": "*",
                "ext-zip": "*",
                "monolog/monolog": "^2.1",
                "php": ">=7.2.0",
                "psr/log": "1.1.4"
            },
            "require-dev": {
                "phpunit/phpunit": "^9.5",
                "roave/security-advisories": "dev-master"
            },
            "time": "2021-11-27T22:39:05+00:00",
            "type": "library",
            "installation-source": "dist",
            "autoload": {
                "psr-4": {
                    "VisualAppeal\\": "src/"
                }
            },
            "notification-url": "https://packagist.org/downloads/",
            "license": [
                "MIT"
            ],
            "authors": [
                {
                    "name": "Tim Helfensdörfer",
                    "email": "tim@visualappeal.de"
                }
            ],
            "description": "Autoupdater for PHP",
            "support": {
                "issues": "https://github.com/VisualAppeal/PHP-Auto-Update/issues",
                "source": "https://github.com/VisualAppeal/PHP-Auto-Update/tree/1.0.2"
            },
            "install-path": "../visualappeal/php-auto-update"
        }
    ],
    "dev": true,
    "dev-package-names": []
}
